street1,street2,city
Thurlow St,Dunsmuir St,Vancouver
Nan,Lonsdale Quay,North Vancouver
Earles St,W 41St Ave,Vancouver
Hastings St,Granville St,Vancouver
Steeple Dr,Lansdowne Dr,Coquitlam
Wall St,Dundas St,Vancouver
Vtc Yard,Nan,Vancouver
Newton Exch,137 St,Surrey
E 45Th Ave,Victoria Dr,Vancouver
Cardero St,W Pender St,Vancouver
Nan,Dunbar Loop,Vancouver
Cambie St,E Broadway,Vancouver
Edge St,Dewdney Trunk Rd,Maple Ridge
Mundy St,Austin Ave,Coquitlam
Linton St,Como Lake Ave,Coquitlam
Yew St,W Broadway,Vancouver
W 72Nd Ave,Oak St,Vancouver
Hastings St,Holdom Ave,Burnaby
Railway Ave,Williams Rd,Richmond
W 52Nd Ave,Oak St,Vancouver
Nan,Htc,Nan
Sperling Ave,Hastings St,Burnaby
Dunsmuir St,Burrard St,Vancouver
Burnaby Mountain Pky,Gaglardi Way,Burnaby
W Pender St,Thurlow St,Vancouver
Nan,Hwy 99,Delta
Tyne St,E 49Th Ave,Vancouver
Jervis St,W Georgia St,Vancouver
Fourth Ave,Sixth St,New Westminster
W 15Th Ave,Jones Ave,Vancouver
Nan,Sfu Exchange,Burnaby
Buswell St,Saba Rd,Richmond
Agnes St,Sixth St,New Westminster
Hwy 17,Ladner Trunk Rd,Delta
Waterloo St,E 4Th Ave,Vancouver
Nan,Nan,Nan
203A St,Logan Ave,Langley
Buchanan St,Willingdon Ave,Burnaby
Kingsway,W Broadway,Vancouver
Beta Ave,Canada Way,Burnaby
Thurlow St,W Georgia St,Vancouver
Gilley Ave,Kingsway,Burnaby
Mackay Ave,Marine Dr,North Vancouver
Matheson Cres,Se Marine Dr,Burnaby
Nan,Surrey Central Loop,Surrey
Westminster Hwy,No. 3 Rd,Richmond
Bay 2,Joyce Stn,Vancouver
W 18 Ave,Dunbar St,Vancouver
Dunsmuir St,Granville St,Vancouver
Hawks Ave,W Hastings St,Vancouver
Windsor St,Lonsdale Ave,North Vancouver
Ladner Trunk Rd,80 Ave,Delta
E Blvd,E 41 Ave,Vancouver
Gatineau Pl,Austin Rd,Burnaby
Dunsmuir St,Howes St,Vancouver
Nan,Nan,Surrey
Lonsdale Quay,Carrie Cates Crt,North Vancouver
Macdonald St,E 41St Ave,Vancouver
Kerr St,E 49 Ave,Vancouver
Raymur St,Venables St,Vancouver
Nan,Granville St Bridge,Vancouver
E Blvd,E 41 Ave,Vancouver
W Georgia St,Granville St,Vancouver
Nanaimo Stn,Nanaimo St,Vancouver
Lonsdale Quay Loop,Nan,North Vancouver
Birch St,W Broadway,Vancouver
E 41 Ave,Victoria Dr,Vancouver
Se Marine Dr,Knight St,Vancouver
Lamey'S Mill Rd,Granville St Bridge,Vancouver
Cambie St,W Broadway,Vancouver
Nan,Gatineau Pl,Burnaby
W 33Rd Ave,Granville St,Vancouver
Nan,Sfu Exchange,Burnaby
W Georgia St,Cambie St,Vancouver
Cambie St,Sw Marine Dr,Vancouver
Nan,South Surrey Park And Ride,Surrey
54 St,4 Ave,Delta
Minto Cres,Granville St,Vancouver
Howe St,W Pender St,Vancouver
Southridge Dr,Marine Dr,Burnaby
Slocan St,Clarendon St,Vancouver
W Georgia St,Burrard St,Vancouver
Nan,Stc Depot,Surrey
Thunderbird Blvd,Nan,Ubc
E 49 Ave,Oak St,Vancouver
Buswell St,Anderson Rd,Richmond
Prince Edward Ave,E Broadway St,Vancouver
Carnarvon St,W 41St Ave,Vancouver
Track 8,Rtc Track 7,Richmond
Thurlow St,W Georgia St,Vancouver
Fifth Ave,Sixth St,New Westminster
Main St,E Hastings St,Vancouver
Nan,Nan,Nan
Kensington Ave,Hastings St,Burnaby
Devonshire Cres,Granville St,Vancouver
W 7 Ave,Granville St,Vancouver
96 Ave,132 St,Surrey
Pinetree Way,Lougheed Hwy,Coquitlam
Mackenzie St,W 41St Ave,Vancouver
108 Ave,160 St,Surrey
Tenth Ave,Twelfth St,New Westminster
Thurlow St,W Georgia St,Vancouver
Woodland Dr,E Broadway St,Vancouver
Nan,Hamilton Track,New Westminster
Hamilton St,W Pender St,Vancouver
Riverside Dr,Fremont St,Port Coquitlam
W 17 Ave,Granville St,Vancouver
Bernatchey St,Brunette Ave,Coquitlam
Saba Rd,Buswell St,Richmond
Nan,Coquitlam Bus Loop,Coquitlam
Trimble St,W 10 Ave,Vancouver
Nan,Dunbar Loop,Vancouver
Parker St,Commerical Dr,Vancouver
Winch St,Holdom Ave,Burnaby
King Edward Ave,Granville St,Vancouver
Best St,Russell Ave,Whiterock
Nan,22Nd Ave Stn,Burnaby
Seaport Ave,Seacote Rd,Richmond
Bay 2,Newton Exchange,Surrey
Nan,12719 114 Ave,Surrey
Hwy 1,Mcgill St,Vancouver
E Pender St,Main St,Vancouver
University Dr,108 Ave,Surrey
W 33 Ave,Granville St,Vancouver
Hamilton St,W Georgia St,Vancouver
Pemberton Ave,E 22 St,North Vancouver
W 48 Ave,Granville St,Vancouver
Imperial St,Royal Oak Ave,Burnaby
W 45 Ave,Granville St,Vancouver
Burke St,Smith Ave,Burnaby
W 33 Ave,Granville St,Vancouver
Renfrew St,E Hastings St,Vancouver
Main St,E Hastings St,Vancouver
E 27 Ave,Oak St,Vancouver
Burrard St,W Georgia St,Vancouver
103 Ave,128 St,Surrey
No. 5 Rd,Steveston Hwy,Richmond
E 43 Ave,Victoria Dr,Vancouver
Nan,Como Lake,Coquitlam
Seymour St,W Pender St,Vancouver
Kincaid St,Boundary Rd,Burnaby
Burrard St,W Georgia St,Vancouver
Nan,22Nd Street Stn,New Westminster
W Hastings St,Granville St,Vancouver
Brunette Ave,Braid St,New Westminster
Boundary Rd,Hastings St,Burnaby
Nan,Carvolth Exchange,Langley
Marine Dr,Cambie St,Vancouver
Kootenay St,W Hastings St,Vancouver
Alma St,W Broadway St,Vancouver
National Ave,Station St,Vancouver
Church St,Joyce St,Vancouver
Nan,Knight St Bridge,Vancouver
Nan,Kootenay Loop Bay 3-4,Burnaby
Hornby St,Davie St,Vancouver
Nan,Nanaimo Stn,Vancouver
Madison Ave,Hastings St,Burnaby
200 St,64 Ave,Langley
Granville St,Robson St,Vancouver
Adanac St,Commercial Dr,Vancouver
Nan,Scottsdale Exchange,Surrey
Clark Dr,W Broadway,Vancouver
Fraser St,Marine Dr,Vancouver
Nan,Vtc Depot,Vancouver
Hwy 1,Fern St,North Vancouver
Edge St,Dewdney Trunk Rd,Maple Ridge
Cumberland St,16 Ave,Burnaby
8900 Blk,King George Blvd,Surrey
91A Off-Ramp,Westminster Hwy,Richmond
Boundary Rd,Kincaid St,Burnaby
Nan,Surrey Central Stn,Surrey
W 41 Ave,Granville St,Vancouver
Langley St,Armstrong Ave,Burnaby
Bute St,Robson St,Vancouver
Oak St,Marine Dr,Vancouver
Abbott St,W Pender St,Vancouver
